-- ============================================================
-- TEAMS (6 teams, each with a distinct colour)
-- ============================================================
INSERT INTO teams (id, name, colour) VALUES
  ('11111111-0000-0000-0000-000000000001', 'Thunder FC',     '#3b82f6'),
  ('11111111-0000-0000-0000-000000000002', 'Phoenix United', '#ef4444'),
  ('11111111-0000-0000-0000-000000000003', 'Storm City',     '#8b5cf6'),
  ('11111111-0000-0000-0000-000000000004', 'Golden Eagles',  '#f59e0b'),
  ('11111111-0000-0000-0000-000000000005', 'Iron Wolves',    '#6b7280'),
  ('11111111-0000-0000-0000-000000000006', 'Blaze SC',       '#f97316');

-- ============================================================
-- PLAYERS (5 per team: 1 GK, 2 DEF, 1 MID, 1 FWD)
-- ============================================================
-- Thunder FC
INSERT INTO players (id, team_id, name, position) VALUES
  ('22222222-0000-0000-0000-000000000101', '11111111-0000-0000-0000-000000000001', 'James Carter',   'GK'),
  ('22222222-0000-0000-0000-000000000102', '11111111-0000-0000-0000-000000000001', 'Liam Foster',    'DEF'),
  ('22222222-0000-0000-0000-000000000103', '11111111-0000-0000-0000-000000000001', 'Noah Patel',     'DEF'),
  ('22222222-0000-0000-0000-000000000104', '11111111-0000-0000-0000-000000000001', 'Ethan Brooks',   'MID'),
  ('22222222-0000-0000-0000-000000000105', '11111111-0000-0000-0000-000000000001', 'Mason Reed',     'FWD');

-- Phoenix United
INSERT INTO players (id, team_id, name, position) VALUES
  ('22222222-0000-0000-0000-000000000201', '11111111-0000-0000-0000-000000000002', 'Oliver Hayes',   'GK'),
  ('22222222-0000-0000-0000-000000000202', '11111111-0000-0000-0000-000000000002', 'Aiden Cole',     'DEF'),
  ('22222222-0000-0000-0000-000000000203', '11111111-0000-0000-0000-000000000002', 'Lucas Grant',    'DEF'),
  ('22222222-0000-0000-0000-000000000204', '11111111-0000-0000-0000-000000000002', 'Ryan Silva',     'MID'),
  ('22222222-0000-0000-0000-000000000205', '11111111-0000-0000-0000-000000000002', 'Caleb Torres',   'FWD');

-- Storm City
INSERT INTO players (id, team_id, name, position) VALUES
  ('22222222-0000-0000-0000-000000000301', '11111111-0000-0000-0000-000000000003', 'Dylan Murphy',   'GK'),
  ('22222222-0000-0000-0000-000000000302', '11111111-0000-0000-0000-000000000003', 'Connor Walsh',   'DEF'),
  ('22222222-0000-0000-0000-000000000303', '11111111-0000-0000-0000-000000000003', 'Finn Brennan',   'DEF'),
  ('22222222-0000-0000-0000-000000000304', '11111111-0000-0000-0000-000000000003', 'Sean Kelly',     'MID'),
  ('22222222-0000-0000-0000-000000000305', '11111111-0000-0000-0000-000000000003', 'Declan Moore',   'FWD');

-- Golden Eagles
INSERT INTO players (id, team_id, name, position) VALUES
  ('22222222-0000-0000-0000-000000000401', '11111111-0000-0000-0000-000000000004', 'Hugo Leclerc',   'GK'),
  ('22222222-0000-0000-0000-000000000402', '11111111-0000-0000-0000-000000000004', 'Pierre Dupont',  'DEF'),
  ('22222222-0000-0000-0000-000000000403', '11111111-0000-0000-0000-000000000004', 'Antoine Renard', 'DEF'),
  ('22222222-0000-0000-0000-000000000404', '11111111-0000-0000-0000-000000000004', 'Théo Bernard',   'MID'),
  ('22222222-0000-0000-0000-000000000405', '11111111-0000-0000-0000-000000000004', 'Maxime Garnier', 'FWD');

-- Iron Wolves
INSERT INTO players (id, team_id, name, position) VALUES
  ('22222222-0000-0000-0000-000000000501', '11111111-0000-0000-0000-000000000005', 'Arjun Sharma',   'GK'),
  ('22222222-0000-0000-0000-000000000502', '11111111-0000-0000-0000-000000000005', 'Rohan Mehta',    'DEF'),
  ('22222222-0000-0000-0000-000000000503', '11111111-0000-0000-0000-000000000005', 'Vikram Nair',    'DEF'),
  ('22222222-0000-0000-0000-000000000504', '11111111-0000-0000-0000-000000000005', 'Kiran Iyer',     'MID'),
  ('22222222-0000-0000-0000-000000000505', '11111111-0000-0000-0000-000000000005', 'Dev Pillai',     'FWD');

-- Blaze SC
INSERT INTO players (id, team_id, name, position) VALUES
  ('22222222-0000-0000-0000-000000000601', '11111111-0000-0000-0000-000000000006', 'Carlos Reyes',   'GK'),
  ('22222222-0000-0000-0000-000000000602', '11111111-0000-0000-0000-000000000006', 'Diego Santos',   'DEF'),
  ('22222222-0000-0000-0000-000000000603', '11111111-0000-0000-0000-000000000006', 'Luis Herrera',   'DEF'),
  ('22222222-0000-0000-0000-000000000604', '11111111-0000-0000-0000-000000000006', 'Mateo Jimenez',  'MID'),
  ('22222222-0000-0000-0000-000000000605', '11111111-0000-0000-0000-000000000006', 'Sergio Morales', 'FWD');

-- ============================================================
-- MATCHES — 15 group stage fixtures (round robin, each pair plays once)
-- ============================================================
INSERT INTO matches (id, team1_id, team2_id, date, venue, phase, status, score1, score2) VALUES
  -- Completed matches (5)
  ('33333333-0000-0000-0000-000000000001',
    '11111111-0000-0000-0000-000000000001',
    '11111111-0000-0000-0000-000000000002',
    '2026-03-01 15:00+00', 'Main Arena', 'group', 'completed', 2, 1),

  ('33333333-0000-0000-0000-000000000002',
    '11111111-0000-0000-0000-000000000003',
    '11111111-0000-0000-0000-000000000004',
    '2026-03-01 17:00+00', 'Main Arena', 'group', 'completed', 0, 0),

  ('33333333-0000-0000-0000-000000000003',
    '11111111-0000-0000-0000-000000000005',
    '11111111-0000-0000-0000-000000000006',
    '2026-03-08 15:00+00', 'Main Arena', 'group', 'completed', 1, 3),

  ('33333333-0000-0000-0000-000000000004',
    '11111111-0000-0000-0000-000000000001',
    '11111111-0000-0000-0000-000000000003',
    '2026-03-08 17:00+00', 'Main Arena', 'group', 'completed', 1, 0),

  ('33333333-0000-0000-0000-000000000005',
    '11111111-0000-0000-0000-000000000002',
    '11111111-0000-0000-0000-000000000004',
    '2026-03-15 15:00+00', 'Main Arena', 'group', 'completed', 2, 2),

  -- Upcoming matches (10)
  ('33333333-0000-0000-0000-000000000006',
    '11111111-0000-0000-0000-000000000001',
    '11111111-0000-0000-0000-000000000004',
    '2026-04-05 15:00+00', 'Main Arena', 'group', 'upcoming', NULL, NULL),

  ('33333333-0000-0000-0000-000000000007',
    '11111111-0000-0000-0000-000000000002',
    '11111111-0000-0000-0000-000000000005',
    '2026-04-05 17:00+00', 'Main Arena', 'group', 'upcoming', NULL, NULL),

  ('33333333-0000-0000-0000-000000000008',
    '11111111-0000-0000-0000-000000000003',
    '11111111-0000-0000-0000-000000000006',
    '2026-04-12 15:00+00', 'Main Arena', 'group', 'upcoming', NULL, NULL),

  ('33333333-0000-0000-0000-000000000009',
    '11111111-0000-0000-0000-000000000001',
    '11111111-0000-0000-0000-000000000005',
    '2026-04-12 17:00+00', 'Main Arena', 'group', 'upcoming', NULL, NULL),

  ('33333333-0000-0000-0000-000000000010',
    '11111111-0000-0000-0000-000000000002',
    '11111111-0000-0000-0000-000000000006',
    '2026-04-19 15:00+00', 'Main Arena', 'group', 'upcoming', NULL, NULL),

  ('33333333-0000-0000-0000-000000000011',
    '11111111-0000-0000-0000-000000000003',
    '11111111-0000-0000-0000-000000000005',
    '2026-04-19 17:00+00', 'Main Arena', 'group', 'upcoming', NULL, NULL),

  ('33333333-0000-0000-0000-000000000012',
    '11111111-0000-0000-0000-000000000004',
    '11111111-0000-0000-0000-000000000006',
    '2026-04-26 15:00+00', 'Main Arena', 'group', 'upcoming', NULL, NULL),

  ('33333333-0000-0000-0000-000000000013',
    '11111111-0000-0000-0000-000000000001',
    '11111111-0000-0000-0000-000000000006',
    '2026-04-26 17:00+00', 'Main Arena', 'group', 'upcoming', NULL, NULL),

  ('33333333-0000-0000-0000-000000000014',
    '11111111-0000-0000-0000-000000000002',
    '11111111-0000-0000-0000-000000000003',
    '2026-05-03 15:00+00', 'Main Arena', 'group', 'upcoming', NULL, NULL),

  ('33333333-0000-0000-0000-000000000015',
    '11111111-0000-0000-0000-000000000004',
    '11111111-0000-0000-0000-000000000005',
    '2026-05-03 17:00+00', 'Main Arena', 'group', 'upcoming', NULL, NULL);

-- ============================================================
-- GOALS for completed matches
-- ============================================================
-- Match 1: Thunder 2-1 Phoenix
INSERT INTO goals (match_id, player_id, minute, is_own_goal) VALUES
  ('33333333-0000-0000-0000-000000000001', '22222222-0000-0000-0000-000000000105', 23, false),
  ('33333333-0000-0000-0000-000000000001', '22222222-0000-0000-0000-000000000104', 67, false),
  ('33333333-0000-0000-0000-000000000001', '22222222-0000-0000-0000-000000000205', 45, false);

-- Match 3: Iron Wolves 1-3 Blaze
INSERT INTO goals (match_id, player_id, minute, is_own_goal) VALUES
  ('33333333-0000-0000-0000-000000000003', '22222222-0000-0000-0000-000000000505', 12, false),
  ('33333333-0000-0000-0000-000000000003', '22222222-0000-0000-0000-000000000605', 34, false),
  ('33333333-0000-0000-0000-000000000003', '22222222-0000-0000-0000-000000000605', 56, false),
  ('33333333-0000-0000-0000-000000000003', '22222222-0000-0000-0000-000000000604', 78, false);

-- Match 4: Thunder 1-0 Storm City
INSERT INTO goals (match_id, player_id, minute, is_own_goal) VALUES
  ('33333333-0000-0000-0000-000000000004', '22222222-0000-0000-0000-000000000105', 55, false);

-- Match 5: Phoenix 2-2 Golden Eagles
INSERT INTO goals (match_id, player_id, minute, is_own_goal) VALUES
  ('33333333-0000-0000-0000-000000000005', '22222222-0000-0000-0000-000000000205', 10, false),
  ('33333333-0000-0000-0000-000000000005', '22222222-0000-0000-0000-000000000204', 38, false),
  ('33333333-0000-0000-0000-000000000005', '22222222-0000-0000-0000-000000000405', 60, false),
  ('33333333-0000-0000-0000-000000000005', '22222222-0000-0000-0000-000000000405', 88, false);

-- ============================================================
-- CARDS
-- ============================================================
INSERT INTO cards (match_id, player_id, type, minute) VALUES
  ('33333333-0000-0000-0000-000000000001', '22222222-0000-0000-0000-000000000202', 'yellow', 71),
  ('33333333-0000-0000-0000-000000000003', '22222222-0000-0000-0000-000000000502', 'yellow', 40),
  ('33333333-0000-0000-0000-000000000005', '22222222-0000-0000-0000-000000000204', 'red', 75);

-- ============================================================
-- MAN OF THE MATCH
-- ============================================================
INSERT INTO match_motm (match_id, motm_player_id) VALUES
  ('33333333-0000-0000-0000-000000000001', '22222222-0000-0000-0000-000000000105'),
  ('33333333-0000-0000-0000-000000000002', '22222222-0000-0000-0000-000000000301'),
  ('33333333-0000-0000-0000-000000000003', '22222222-0000-0000-0000-000000000605'),
  ('33333333-0000-0000-0000-000000000004', '22222222-0000-0000-0000-000000000101'),
  ('33333333-0000-0000-0000-000000000005', '22222222-0000-0000-0000-000000000405');
